[
  {
    "id": "/subscriptions/2af9b5f0-0345-43f4-b397-2b12ff7e1095/resourceGroups/cloudbnb/providers/Microsoft.Resources/deployments/Microsoft.SQLDatabase.newDatabaseNewServer_65a40704fbdf4b3e80031/operations/B2A77E375347932D",
    "operationId": "B2A77E375347932D",
    "properties": {
      "provisioningOperation": "Create",
      "provisioningState": "Succeeded",
      "timestamp": "2020-01-03T02:55:18.1368916Z",
      "duration": "PT1M24.4649434S",
      "trackingId": "e89e06b6-3ba9-49a2-8219-91b38a6114f4",
      "statusCode": "Created",
      "targetResource": {
        "id": "/subscriptions/2af9b5f0-0345-43f4-b397-2b12ff7e1095/resourceGroups/cloudbnb/providers/Microsoft.Sql/servers/cloudbnbserver/databases/AirBnb",
        "resourceType": "Microsoft.Sql/servers/databases",
        "resourceName": "cloudbnbserver/AirBnb"
      }
    }
  },
  {
    "id": "/subscriptions/2af9b5f0-0345-43f4-b397-2b12ff7e1095/resourceGroups/cloudbnb/providers/Microsoft.Resources/deployments/Microsoft.SQLDatabase.newDatabaseNewServer_65a40704fbdf4b3e80031/operations/6C3A91DF75E5B617",
    "operationId": "6C3A91DF75E5B617",
    "properties": {
      "provisioningOperation": "Create",
      "provisioningState": "Succeeded",
      "timestamp": "2020-01-03T02:53:47.0736127Z",
      "duration": "PT1M34.7350849S",
      "trackingId": "21501b6f-2910-4192-a757-6e4f37c67545",
      "statusCode": "Created",
      "targetResource": {
        "id": "/subscriptions/2af9b5f0-0345-43f4-b397-2b12ff7e1095/resourceGroups/cloudbnb/providers/Microsoft.Sql/servers/cloudbnbserver",
        "resourceType": "Microsoft.Sql/servers",
        "resourceName": "cloudbnbserver"
      }
    }
  },
  {
    "id": "/subscriptions/2af9b5f0-0345-43f4-b397-2b12ff7e1095/resourceGroups/cloudbnb/providers/Microsoft.Resources/deployments/Microsoft.SQLDatabase.newDatabaseNewServer_65a40704fbdf4b3e80031/operations/08586235869541030730",
    "operationId": "08586235869541030730",
    "properties": {
      "provisioningOperation": "EvaluateDeploymentOutput",
      "provisioningState": "Succeeded",
      "timestamp": "2020-01-03T02:55:19.8813747Z",
      "duration": "PT0.7757729S",
      "trackingId": "0036789b-db50-4b0a-ba7e-d7f3ab46abc0",
      "statusCode": "OK",
      "statusMessage": null
    }
  }
]