{
  "id": "/subscriptions/2af9b5f0-0345-43f4-b397-2b12ff7e1095/resourceGroups/cloudbnb/providers/Microsoft.Resources/deployments/Microsoft.SQLDatabase.newDatabaseNewServer_65a40704fbdf4b3e80031",
  "name": "Microsoft.SQLDatabase.newDatabaseNewServer_65a40704fbdf4b3e80031",
  "type": "Microsoft.Resources/deployments",
  "tags": {
    "primaryResourceId": "/subscriptions/2af9b5f0-0345-43f4-b397-2b12ff7e1095/resourceGroups/cloudbnb/providers/Microsoft.Sql/servers/cloudbnbserver/databases/AirBnb",
    "marketplaceItemId": "Microsoft.SQLDatabase"
  },
  "properties": {
    "templateHash": "18000326646783554961",
    "parameters": {
      "administratorLogin": {
        "type": "String",
        "value": "cloudbnbadmin"
      },
      "administratorLoginPassword": {
        "type": "SecureString"
      },
      "collation": {
        "type": "String",
        "value": "SQL_Latin1_General_CP1_CI_AS"
      },
      "databaseName": {
        "type": "String",
        "value": "AirBnb"
      },
      "tier": {
        "type": "String",
        "value": "Basic"
      },
      "skuName": {
        "type": "String",
        "value": "Basic"
      },
      "location": {
        "type": "String",
        "value": "eastus2"
      },
      "maxSizeBytes": {
        "type": "Int",
        "value": 2147483648
      },
      "serverName": {
        "type": "String",
        "value": "cloudbnbserver"
      },
      "sampleName": {
        "type": "String",
        "value": ""
      },
      "zoneRedundant": {
        "type": "Bool",
        "value": false
      },
      "licenseType": {
        "type": "String",
        "value": ""
      },
      "readScaleOut": {
        "type": "String",
        "value": "Disabled"
      },
      "numberOfReplicas": {
        "type": "Int",
        "value": 0
      },
      "minCapacity": {
        "type": "String",
        "value": ""
      },
      "autoPauseDelay": {
        "type": "String",
        "value": ""
      },
      "enableADS": {
        "type": "Bool",
        "value": false
      },
      "allowAzureIps": {
        "type": "Bool",
        "value": false
      },
      "databaseTags": {
        "type": "Object",
        "value": {}
      },
      "serverTags": {
        "type": "Object",
        "value": {}
      },
      "enableVA": {
        "type": "Bool",
        "value": false
      },
      "enablePrivateEndpoint": {
        "type": "Bool",
        "value": false
      },
      "privateEndpointNestedTemplateId": {
        "type": "String",
        "value": "pe-a5846c7b-5aff-46de-a21a-be7b5df9500a"
      },
      "privateEndpointSubscriptionId": {
        "type": "String",
        "value": ""
      },
      "privateEndpointResourceGroup": {
        "type": "String",
        "value": ""
      },
      "privateEndpointName": {
        "type": "String",
        "value": ""
      },
      "privateEndpointLocation": {
        "type": "String",
        "value": ""
      },
      "privateEndpointSubnetId": {
        "type": "String",
        "value": ""
      },
      "privateLinkServiceName": {
        "type": "String",
        "value": ""
      },
      "privateLinkServiceServiceId": {
        "type": "String",
        "value": ""
      },
      "privateEndpointVnetSubscriptionId": {
        "type": "String",
        "value": ""
      },
      "privateEndpointVnetResourceGroup": {
        "type": "String",
        "value": ""
      },
      "privateEndpointVnetName": {
        "type": "String",
        "value": ""
      },
      "privateEndpointSubnetName": {
        "type": "String",
        "value": ""
      },
      "enablePrivateDnsZone": {
        "type": "Bool",
        "value": true
      },
      "privateEndpointDnsRecordUniqueId": {
        "type": "String",
        "value": "a5846c7b-5aff-46de-a21a-be7b5df9500d"
      },
      "privateEndpointTemplateLink": {
        "type": "String",
        "value": "https://sqlazureextension.hosting.portal.azure.net/sqlazureextension/Content/2.0.20191209.21-/DeploymentTemplates/PrivateEndpoint.json"
      },
      "privateDnsForPrivateEndpointTemplateLink": {
        "type": "String",
        "value": "https://sqlazureextension.hosting.portal.azure.net/sqlazureextension/Content/2.0.20191209.21-/DeploymentTemplates/PrivateDnsForPrivateEndpoint.json"
      },
      "privateDnsForPrivateEndpointNicTemplateLink": {
        "type": "String",
        "value": "https://sqlazureextension.hosting.portal.azure.net/sqlazureextension/Content/2.0.20191209.21-/DeploymentTemplates/PrivateDnsForPrivateEndpointNic.json"
      },
      "privateDnsForPrivateEndpointIpConfigTemplateLink": {
        "type": "String",
        "value": "https://sqlazureextension.hosting.portal.azure.net/sqlazureextension/Content/2.0.20191209.21-/DeploymentTemplates/PrivateDnsForPrivateEndpointIpConfig.json"
      },
      "allowClientIp": {
        "type": "Bool",
        "value": false
      },
      "clientIpRuleName": {
        "type": "String",
        "value": "ClientIp-2020-1-2_18-52-9"
      },
      "clientIpValue": {
        "type": "String",
        "value": "98.178.240.249"
      }
    },
    "mode": "Incremental",
    "debugSetting": {
      "detailLevel": "None"
    },
    "provisioningState": "Succeeded",
    "timestamp": "2020-01-03T02:55:20.0748517Z",
    "duration": "PT3M8.7002433S",
    "correlationId": "65b515a8-c4fa-43bf-9ba2-6a0e455f7258",
    "providers": [
      {
        "namespace": "Microsoft.Sql",
        "resourceTypes": [
          {
            "resourceType": "servers",
            "locations": [
              "eastus2"
            ]
          },
          {
            "resourceType": "servers/databases",
            "locations": [
              "eastus2"
            ]
          }
        ]
      }
    ],
    "dependencies": [
      {
        "dependsOn": [
          {
            "id": "/subscriptions/2af9b5f0-0345-43f4-b397-2b12ff7e1095/resourceGroups/cloudbnb/providers/Microsoft.Sql/servers/cloudbnbserver",
            "resourceType": "Microsoft.Sql/servers",
            "resourceName": "cloudbnbserver"
          }
        ],
        "id": "/subscriptions/2af9b5f0-0345-43f4-b397-2b12ff7e1095/resourceGroups/cloudbnb/providers/Microsoft.Sql/servers/cloudbnbserver/databases/AirBnb",
        "resourceType": "Microsoft.Sql/servers/databases",
        "resourceName": "cloudbnbserver/AirBnb"
      },
      {
        "dependsOn": [
          {
            "id": "/subscriptions/2af9b5f0-0345-43f4-b397-2b12ff7e1095/resourceGroups/cloudbnb/providers/Microsoft.Sql/servers/cloudbnbserver",
            "resourceType": "Microsoft.Sql/servers",
            "resourceName": "cloudbnbserver"
          }
        ],
        "id": "/subscriptions/2af9b5f0-0345-43f4-b397-2b12ff7e1095/resourceGroups/cloudbnb/providers/Microsoft.Sql/servers/cloudbnbserver/firewallrules/AllowAllWindowsAzureIps",
        "resourceType": "Microsoft.Sql/servers/firewallrules",
        "resourceName": "cloudbnbserver/AllowAllWindowsAzureIps"
      },
      {
        "dependsOn": [
          {
            "id": "/subscriptions/2af9b5f0-0345-43f4-b397-2b12ff7e1095/resourceGroups/cloudbnb/providers/Microsoft.Sql/servers/cloudbnbserver",
            "resourceType": "Microsoft.Sql/servers",
            "resourceName": "cloudbnbserver"
          }
        ],
        "id": "/subscriptions/2af9b5f0-0345-43f4-b397-2b12ff7e1095/resourceGroups/cloudbnb/providers/Microsoft.Sql/servers/cloudbnbserver/firewallrules/ClientIp-2020-1-2_18-52-9",
        "resourceType": "Microsoft.Sql/servers/firewallrules",
        "resourceName": "cloudbnbserver/ClientIp-2020-1-2_18-52-9"
      },
      {
        "dependsOn": [
          {
            "id": "/subscriptions/2af9b5f0-0345-43f4-b397-2b12ff7e1095/resourceGroups/cloudbnb/providers/Microsoft.Sql/servers/cloudbnbserver",
            "resourceType": "Microsoft.Sql/servers",
            "resourceName": "cloudbnbserver"
          },
          {
            "id": "/subscriptions/2af9b5f0-0345-43f4-b397-2b12ff7e1095/resourceGroups/cloudbnb/providers/Microsoft.Sql/servers/cloudbnbserver/databases/AirBnb",
            "resourceType": "Microsoft.Sql/servers/databases",
            "resourceName": "cloudbnbserver/AirBnb"
          }
        ],
        "id": "/subscriptions/2af9b5f0-0345-43f4-b397-2b12ff7e1095/resourceGroups/cloudbnb/providers/Microsoft.Sql/servers/cloudbnbserver/securityAlertPolicies/Default",
        "resourceType": "Microsoft.Sql/servers/securityAlertPolicies",
        "resourceName": "cloudbnbserver/Default"
      },
      {
        "dependsOn": [
          {
            "id": "/subscriptions/2af9b5f0-0345-43f4-b397-2b12ff7e1095/resourceGroups/cloudbnb/providers/Microsoft.Sql/servers/cloudbnbserver",
            "resourceType": "Microsoft.Sql/servers",
            "resourceName": "cloudbnbserver"
          },
          {
            "id": "/subscriptions/2af9b5f0-0345-43f4-b397-2b12ff7e1095/resourceGroups/cloudbnb/providers/Microsoft.Storage/storageAccounts/sqlvatvhmzj5pbkbdy",
            "resourceType": "Microsoft.Storage/storageAccounts",
            "resourceName": "sqlvatvhmzj5pbkbdy"
          },
          {
            "id": "/subscriptions/2af9b5f0-0345-43f4-b397-2b12ff7e1095/resourceGroups/cloudbnb/providers/Microsoft.Sql/servers/cloudbnbserver/securityAlertPolicies/Default",
            "resourceType": "Microsoft.Sql/servers/securityAlertPolicies",
            "resourceName": "cloudbnbserver/Default"
          }
        ],
        "id": "/subscriptions/2af9b5f0-0345-43f4-b397-2b12ff7e1095/resourceGroups/cloudbnb/providers/Microsoft.Sql/servers/cloudbnbserver/vulnerabilityAssessments/Default",
        "resourceType": "Microsoft.Sql/servers/vulnerabilityAssessments",
        "resourceName": "cloudbnbserver/Default"
      },
      {
        "dependsOn": [
          {
            "id": "/subscriptions/2af9b5f0-0345-43f4-b397-2b12ff7e1095/resourceGroups/cloudbnb/providers/Microsoft.Sql/servers/cloudbnbserver/databases/AirBnb",
            "resourceType": "Microsoft.Sql/servers/databases",
            "resourceName": "cloudbnbserver/AirBnb"
          },
          {
            "id": "/subscriptions/2af9b5f0-0345-43f4-b397-2b12ff7e1095/resourceGroups/cloudbnb/providers/Microsoft.Resources/deployments/SubnetPolicies-",
            "resourceType": "Microsoft.Resources/deployments",
            "resourceName": "SubnetPolicies-"
          }
        ],
        "id": "/subscriptions/2af9b5f0-0345-43f4-b397-2b12ff7e1095/resourceGroups/cloudbnb/providers/Microsoft.Resources/deployments/PrivateEndpoint-",
        "resourceType": "Microsoft.Resources/deployments",
        "resourceName": "PrivateEndpoint-"
      },
      {
        "dependsOn": [
          {
            "id": "/subscriptions/2af9b5f0-0345-43f4-b397-2b12ff7e1095/resourceGroups/cloudbnb/providers/Microsoft.Resources/deployments/PrivateEndpoint-",
            "resourceType": "Microsoft.Resources/deployments",
            "resourceName": "PrivateEndpoint-"
          }
        ],
        "id": "/subscriptions/2af9b5f0-0345-43f4-b397-2b12ff7e1095/resourceGroups/cloudbnb/providers/Microsoft.Resources/deployments/PrivateDns-pe-a5846c7b-5aff-46de-a21a-be7b5df9500a",
        "resourceType": "Microsoft.Resources/deployments",
        "resourceName": "PrivateDns-pe-a5846c7b-5aff-46de-a21a-be7b5df9500a"
      }
    ],
    "outputResources": [
      {
        "id": "/subscriptions/2af9b5f0-0345-43f4-b397-2b12ff7e1095/resourceGroups/cloudbnb/providers/Microsoft.Sql/servers/cloudbnbserver"
      },
      {
        "id": "/subscriptions/2af9b5f0-0345-43f4-b397-2b12ff7e1095/resourceGroups/cloudbnb/providers/Microsoft.Sql/servers/cloudbnbserver/databases/AirBnb"
      }
    ],
    "validationLevel": "Template"
  }
}